{"real": [41.667442321777344, 87.48247528076172, 59.793846130371094, 42.04482650756836, 55.06647491455078, 333.19207763671875, 102.13529968261719, 99.17251586914062, 582.1434326171875, 28.680511474609375, 211.27476501464844, 87.52603149414062, 71.56529998779297, 97.55782318115234, 71.03960418701172, 31.110031127929688, 125.67961120605469, 43.44708251953125, 118.45948791503906, 76.80458068847656, 194.6238250732422, 18.374771118164062, 225.15501403808594, 166.34194946289062, 91.78402709960938, 24.2772159576416, 165.95660400390625, 71.28932189941406, 63.17013168334961, 51.39079666137695, 238.7811279296875, 121.02708435058594, 23.43417739868164, 88.33979797363281, 67.64632415771484, 54.83628463745117, 35.24425506591797, 33.82612228393555, 27.603164672851562, 53.407684326171875, 35.58068084716797, 79.3243179321289, 34.2188720703125, 25.064367294311523, 37.30186462402344, 68.52986907958984, 108.14714050292969], "manip": [195.6230010986328, 89.41790771484375, 81.5270004272461, 51.288089752197266, 47.2916145324707, 459.2749938964844, 127.5020751953125, 187.70254516601562, 760.4077758789062, 43.916839599609375, 249.1399688720703, 79.73064422607422, 247.7889862060547, 98.39108276367188, 93.03907012939453, 55.88153076171875, 187.0701904296875, 82.91841888427734, 140.92950439453125, 69.9462661743164, 271.5101623535156, 27.845600128173828, 577.9600219726562, 321.6497802734375, 115.6363296508789, 34.523319244384766, 263.00238037109375, 72.46324920654297, 89.48482513427734, 64.0093994140625, 490.9545593261719, 124.1904067993164, 33.822757720947266, 146.9169158935547, 67.28081512451172, 48.129608154296875, 51.54121780395508, 39.54927062988281, 36.19868087768555, 75.05148315429688, 45.85881042480469, 152.17266845703125, 37.9976806640625, 50.39311981201172, 48.85995864868164, 89.88883209228516, 205.51953125]}